SN,DATE,TIME,T1-oC,T2-oC,T3-oC,T4-oC,T5-oC,T6-oC,T7-oC,T8-oC,X
1,12/29/2021,17:21:42,-21.8,-22,-21,-21.5,-21.5,-21.2,-21.7,-21.6,1
2,12/29/2021,17:21:44,-21.8,-22,-21,-21.5,-21.5,-21.1,-21.7,-21.6,1
3,12/29/2021,17:21:46,-21.8,-22,-21,-21.6,-21.6,-21.1,-21.7,-21.6,1
4,12/29/2021,17:21:48,-21.8,-22,-20.9,-21.6,-21.5,-21.2,-21.7,-21.6,1
5,12/29/2021,17:21:50,-21.8,-22.1,-21,-21.6,-21.6,-21.2,-21.7,-21.7,1
6,12/29/2021,17:21:52,-21.8,-22.1,-20.9,-21.6,-21.6,-21.2,-21.8,-21.6,1
7,12/29/2021,17:21:54,-22,-22.2,-21.1,-21.7,-21.7,-21.3,-21.9,-21.8,1
8,12/29/2021,17:21:56,-22,-22.2,-21,-21.7,-21.7,-21.3,-21.9,-21.8,1
9,12/29/2021,17:21:58,-22,-22.2,-21.1,-21.7,-21.7,-21.3,-21.9,-21.8,1
10,12/29/2021,17:22:00,-22,-22.2,-21.1,-21.8,-21.7,-21.4,-21.9,-21.8,1
11,12/29/2021,17:22:02,-22.1,-22.2,-21.1,-21.8,-21.6,-21.4,-21.9,-21.7,1
12,12/29/2021,17:22:04,-22.1,-22.3,-21.1,-21.8,-21.6,-21.4,-22,-21.7,1
13,12/29/2021,17:22:06,-22.1,-22.3,-21.1,-21.8,-21.5,-21.4,-22,-21.7,1
14,12/29/2021,17:22:08,-22.1,-22.3,-21.2,-21.8,-21.5,-21.5,-22,-21.6,1
15,12/29/2021,17:22:10,-22.1,-22.3,-21.2,-21.8,-21.4,-21.5,-22,-21.5,1
16,12/29/2021,17:22:12,-22.1,-22.3,-21.2,-21.8,-21.3,-21.5,-22,-21.5,1
17,12/29/2021,17:22:14,-22.1,-22.3,-21.2,-21.9,-21.4,-21.5,-22,-21.5,1
18,12/29/2021,17:22:16,-22.1,-22.3,-21.2,-21.8,-21.4,-21.5,-22,-21.5,1
19,12/29/2021,17:22:18,-22.1,-22.3,-21.2,-21.8,-21.5,-21.5,-22,-21.5,1
20,12/29/2021,17:22:20,-22.1,-22.3,-21.2,-21.9,-21.5,-21.6,-22,-21.6,1
21,12/29/2021,17:22:22,-22.1,-22.3,-21.2,-21.9,-21.6,-21.6,-22,-21.6,1
22,12/29/2021,17:22:24,-22.1,-22.3,-21.2,-21.9,-21.7,-21.6,-22,-21.7,1
23,12/29/2021,17:22:26,-22.2,-22.3,-21.3,-21.9,-21.8,-21.6,-22.1,-21.7,1
24,12/29/2021,17:22:28,-22.2,-22.3,-21.3,-21.9,-21.8,-21.6,-22,-21.8,1
25,12/29/2021,17:22:30,-22.1,-22.3,-21.2,-21.8,-21.8,-21.5,-22,-21.7,1
26,12/29/2021,17:22:32,-22.1,-22.2,-21.3,-21.8,-21.8,-21.5,-22,-21.7,1
27,12/29/2021,17:22:34,-22.1,-22.3,-21.3,-21.8,-21.8,-21.6,-22,-21.8,1
28,12/29/2021,17:22:36,-22.1,-22.3,-21.4,-21.8,-21.8,-21.5,-22,-21.8,1
29,12/29/2021,17:22:38,-22.1,-22.3,-21.4,-21.9,-21.8,-21.5,-22,-21.8,1
30,12/29/2021,17:22:40,-22.1,-22.3,-21.4,-21.8,-21.8,-21.5,-22,-21.8,1
31,12/29/2021,17:22:42,-22.1,-22.3,-21.4,-21.9,-21.8,-21.6,-22,-21.9,1
32,12/29/2021,17:22:44,-22.2,-22.3,-21.5,-21.9,-21.8,-21.6,-22,-21.9,1
33,12/29/2021,17:22:46,-22.1,-22.3,-21.5,-21.9,-21.8,-21.6,-22.1,-21.9,1
34,12/29/2021,17:22:48,-22.3,-22.5,-21.6,-22,-21.9,-21.7,-22.2,-22,1
35,12/29/2021,17:22:50,-22.3,-22.5,-21.5,-22,-22,-21.7,-22.2,-22,1
36,12/29/2021,17:22:52,-22.3,-22.5,-21.6,-22,-22,-21.7,-22.2,-22.1,1
37,12/29/2021,17:22:54,-22.3,-22.5,-21.5,-22,-22,-21.7,-22.2,-22,1
38,12/29/2021,17:22:56,-22.3,-22.5,-21.5,-22,-22,-21.8,-22.2,-22.1,1
39,12/29/2021,17:22:58,-22.3,-22.5,-21.5,-22,-22.1,-21.8,-22.2,-22.1,1
40,12/29/2021,17:23:00,-22.3,-22.5,-21.5,-22,-22.1,-21.8,-22.2,-22.1,1
41,12/29/2021,17:23:02,-22.3,-22.5,-21.5,-22,-22.1,-21.8,-22.2,-22.1,1
42,12/29/2021,17:23:04,-22.3,-22.5,-21.5,-22.1,-22.1,-21.8,-22.2,-22.1,1
43,12/29/2021,17:23:06,-22.3,-22.6,-21.6,-22.1,-22.1,-21.8,-22.2,-22.2,1
44,12/29/2021,17:23:08,-22.3,-22.5,-21.6,-22.1,-22.1,-21.8,-22.2,-22.2,1
45,12/29/2021,17:23:10,-22.3,-22.5,-21.7,-22.1,-22.1,-21.8,-22.2,-22.2,1
46,12/29/2021,17:23:12,-22.4,-22.5,-21.7,-22.1,-22.1,-21.8,-22.3,-22.2,1
47,12/29/2021,17:23:14,-22.4,-22.6,-21.7,-22.1,-22.1,-21.8,-22.3,-22.2,1
48,12/29/2021,17:23:16,-22.4,-22.6,-21.7,-22.1,-22.1,-21.8,-22.2,-22.2,1
49,12/29/2021,17:23:18,-22.4,-22.6,-21.6,-22.2,-22,-21.9,-22.3,-22.1,1
50,12/29/2021,17:23:20,-22.4,-22.6,-21.6,-22.2,-22,-21.8,-22.2,-22.1,1
51,12/29/2021,17:23:22,-22.4,-22.6,-21.6,-22.2,-22,-21.8,-22.2,-22.1,1
52,12/29/2021,17:23:24,-22.4,-22.6,-21.6,-22.2,-22,-21.8,-22.2,-22.1,1
53,12/29/2021,17:23:26,-22.4,-22.6,-21.6,-22.2,-22,-21.8,-22.3,-22.1,1
54,12/29/2021,17:23:28,-22.5,-22.7,-21.6,-22.2,-21.9,-21.9,-22.3,-22.1,1
55,12/29/2021,17:23:30,-22.5,-22.7,-21.6,-22.2,-22,-21.8,-22.3,-22,1
56,12/29/2021,17:23:32,-22.5,-22.7,-21.6,-22.2,-21.9,-21.9,-22.3,-22,1
57,12/29/2021,17:23:34,-22.5,-22.7,-21.6,-22.2,-21.9,-21.9,-22.3,-22,1
58,12/29/2021,17:23:36,-22.5,-22.7,-21.6,-22.3,-21.9,-22,-22.4,-22,1
59,12/29/2021,17:23:38,-22.5,-22.7,-21.6,-22.3,-21.9,-21.9,-22.4,-21.9,1
60,12/29/2021,17:23:40,-22.5,-22.7,-21.6,-22.3,-21.9,-22,-22.4,-22,1
61,12/29/2021,17:23:42,-22.5,-22.6,-21.5,-22.2,-21.8,-21.9,-22.3,-21.8,1
62,12/29/2021,17:23:44,-22.5,-22.7,-21.5,-22.2,-21.8,-21.9,-22.3,-21.8,1
63,12/29/2021,17:23:46,-22.5,-22.6,-21.6,-22.2,-21.7,-21.9,-22.3,-21.8,1
64,12/29/2021,17:23:48,-22.5,-22.6,-21.6,-22.2,-21.7,-21.9,-22.3,-21.8,1
65,12/29/2021,17:23:50,-22.5,-22.7,-21.6,-22.2,-21.7,-22,-22.3,-21.7,1
66,12/29/2021,17:23:52,-22.5,-22.7,-21.6,-22.2,-21.7,-22,-22.4,-21.7,1
67,12/29/2021,17:23:54,-22.5,-22.7,-21.6,-22.3,-21.6,-22,-22.4,-21.7,1
68,12/29/2021,17:23:56,-22.5,-22.7,-21.6,-22.2,-21.6,-22,-22.4,-21.7,1
69,12/29/2021,17:23:58,-22.5,-22.7,-21.6,-22.2,-21.6,-22,-22.4,-21.6,1
70,12/29/2021,17:24:00,-22.6,-22.8,-21.5,-22.4,-21.6,-22.1,-22.5,-21.7,1
71,12/29/2021,17:24:02,-22.6,-22.8,-21.1,-22.3,-21.7,-22.1,-22.5,-21.7,1
72,12/29/2021,17:24:04,-22.6,-22.8,-20.8,-22.3,-21.6,-22,-22.5,-21.7,1
73,12/29/2021,17:24:06,-22.6,-22.8,-20.7,-22.3,-21.6,-22,-22.5,-21.7,1
74,12/29/2021,17:24:08,-22.6,-22.8,-20.6,-22.3,-21.6,-22,-22.4,-21.7,1
75,12/29/2021,17:24:10,-22.6,-22.8,-20.6,-22.3,-21.6,-22,-22.4,-21.7,1
76,12/29/2021,17:24:12,-22.7,-22.8,-20.7,-22.3,-21.6,-22,-22.4,-21.8,1
77,12/29/2021,17:24:14,-22.7,-22.8,-20.7,-22.3,-21.7,-22.1,-22.4,-21.8,1
78,12/29/2021,17:24:16,-22.7,-22.9,-20.8,-22.3,-21.8,-22,-22.4,-22,1
79,12/29/2021,17:24:18,-22.6,-22.8,-20.8,-22.3,-21.8,-22,-22.1,-21.9,1
80,12/29/2021,17:24:20,-22.6,-22.8,-21,-22.3,-21.9,-22,-22,-22,1
81,12/29/2021,17:24:22,-22.6,-22.8,-21,-22.3,-22,-22,-22,-22,1
82,12/29/2021,17:24:24,-22.6,-22.8,-21.1,-22.3,-22,-22,-22.1,-22.1,1
83,12/29/2021,17:24:26,-22.6,-22.8,-21.2,-22.3,-22.1,-22,-22.1,-22.2,1
84,12/29/2021,17:24:28,-22.6,-22.8,-21.3,-22.4,-22.1,-22.1,-22.2,-22.2,1
85,12/29/2021,17:24:30,-22.7,-22.8,-21.3,-22.3,-22.2,-22.1,-22.3,-22.2,1
86,12/29/2021,17:24:32,-22.7,-22.8,-21.3,-22.4,-22.2,-22.1,-22.3,-22.2,1
87,12/29/2021,17:24:34,-22.7,-22.8,-21.5,-22.4,-22.2,-22.1,-22.3,-22.3,1
88,12/29/2021,17:24:36,-22.8,-23,-21.5,-22.6,-22.4,-22.2,-22.5,-22.4,1
89,12/29/2021,17:24:38,-22.8,-23,-21.6,-22.5,-22.4,-22.2,-22.5,-22.5,1
90,12/29/2021,17:24:40,-22.8,-23,-21.6,-22.5,-22.4,-22.2,-22.6,-22.5,1
91,12/29/2021,17:24:42,-22.8,-23,-21.6,-22.6,-22.4,-22.3,-22.6,-22.5,1
92,12/29/2021,17:24:44,-22.8,-23,-21.7,-22.5,-22.4,-22.2,-22.6,-22.5,1
93,12/29/2021,17:24:46,-22.8,-23,-21.7,-22.6,-22.4,-22.3,-22.6,-22.5,1
94,12/29/2021,17:24:48,-22.8,-23,-21.7,-22.5,-22.4,-22.3,-22.7,-22.5,1
95,12/29/2021,17:24:50,-22.8,-23,-21.7,-22.6,-22.5,-22.3,-22.7,-22.5,1
96,12/29/2021,17:24:52,-22.8,-23,-21.7,-22.6,-22.5,-22.2,-22.7,-22.5,1
97,12/29/2021,17:24:54,-22.8,-23,-21.7,-22.5,-22.4,-22.1,-22.6,-22.5,1
98,12/29/2021,17:24:56,-22.7,-22.9,-21.7,-22.5,-22.4,-22.1,-22.6,-22.5,1
99,12/29/2021,17:24:58,-22.7,-23,-21.7,-22.5,-22.5,-22.2,-22.7,-22.5,1
100,12/29/2021,17:25:00,-22.7,-23,-21.7,-22.5,-22.5,-22.1,-22.7,-22.5,1
101,12/29/2021,17:25:02,-22.7,-23,-21.7,-22.5,-22.5,-22.1,-22.7,-22.5,1
102,12/29/2021,17:25:04,-22.8,-23,-21.7,-22.6,-22.5,-22.1,-22.6,-22.5,1
103,12/29/2021,17:25:06,-22.7,-22.2,-21.8,-22.5,-22.5,-22,-22.6,-22.5,1
104,12/29/2021,17:25:08,-22.8,-21.2,-21.8,-22.6,-22.5,-22,-22.6,-22.6,1
105,12/29/2021,17:25:10,-22.8,-20.8,-21.9,-22.6,-22.5,-22,-22.6,-22.5,1
106,12/29/2021,17:25:12,-22.9,-20.8,-22,-22.7,-22.5,-22.2,-22.8,-22.6,1
107,12/29/2021,17:25:14,-22.9,-20.9,-22,-22.7,-22.5,-22.2,-22.8,-22.6,1
108,12/29/2021,17:25:16,-22.9,-21.1,-22.1,-22.7,-22.4,-22.2,-22.8,-22.5,1
109,12/29/2021,17:25:18,-22.9,-21.4,-22.1,-22.7,-22.4,-22.2,-22.8,-22.5,1
110,12/29/2021,17:25:20,-22.9,-21.7,-22.1,-22.7,-22.4,-22.2,-22.8,-22.5,1
111,12/29/2021,17:25:22,-23,-22,-22.1,-22.7,-22.4,-22.2,-22.9,-22.6,1
112,12/29/2021,17:25:24,-23,-22.3,-22.1,-22.7,-22.5,-22.2,-22.9,-22.6,1
113,12/29/2021,17:25:26,-23,-22.4,-22.1,-22.7,-22.5,-22.2,-22.9,-22.6,1
114,12/29/2021,17:25:28,-23,-22.6,-22.1,-22.7,-22.6,-22.2,-22.9,-22.7,1
115,12/29/2021,17:25:30,-22.9,-22.6,-22,-22.7,-22.6,-22.2,-22.8,-22.6,1
116,12/29/2021,17:25:32,-22.9,-22.7,-22,-22.7,-22.6,-22.2,-22.8,-22.6,1
117,12/29/2021,17:25:34,-22.9,-22.8,-22,-22.7,-22.6,-22.2,-22.8,-22.6,1
118,12/29/2021,17:25:36,-23,-22.8,-21.9,-22.7,-22.6,-22.2,-22.8,-22.6,1
119,12/29/2021,17:25:38,-23,-23,-22,-22.7,-22.6,-22.2,-22.9,-22.7,1
120,12/29/2021,17:25:40,-23,-23,-22,-22.7,-22.7,-22.2,-22.9,-22.7,1
121,12/29/2021,17:25:42,-23,-23.1,-22,-22.7,-22.6,-22.3,-22.9,-22.7,1
122,12/29/2021,17:25:44,-23,-23.1,-22,-22.7,-22.7,-22.2,-22.9,-22.7,1
123,12/29/2021,17:25:46,-23,-23.1,-22,-22.8,-22.6,-22.3,-22.9,-22.7,1
124,12/29/2021,17:25:48,-23,-23.2,-22,-22.7,-22.6,-22.3,-22.9,-22.7,1
125,12/29/2021,17:25:50,-23,-23.2,-22,-22.8,-22.5,-22.3,-22.9,-22.6,1
126,12/29/2021,17:25:52,-23.1,-23.2,-22,-22.8,-22.5,-22.3,-23,-22.6,1
127,12/29/2021,17:25:54,-23.1,-23.3,-22,-22.8,-22.4,-22.3,-23,-22.6,1
128,12/29/2021,17:25:56,-23.1,-23.3,-22,-22.8,-22.4,-22.3,-23,-22.5,1
129,12/29/2021,17:25:58,-23.1,-23.3,-22,-22.8,-22.3,-22.3,-23,-22.5,1
130,12/29/2021,17:26:00,-23.1,-23.3,-22.1,-22.7,-22.3,-22.3,-23,-22.5,1
131,12/29/2021,17:26:02,-23.1,-23.3,-22.1,-22.8,-22.3,-22.3,-23,-22.5,1
132,12/29/2021,17:26:04,-23.1,-23.3,-22.1,-22.7,-22.3,-22.3,-23,-22.5,1
133,12/29/2021,17:26:06,-23.2,-23.4,-22.2,-22.8,-22.4,-22.4,-23.1,-22.5,1
134,12/29/2021,17:26:08,-23.2,-23.4,-22.2,-22.8,-22.4,-22.4,-23.1,-22.5,1
135,12/29/2021,17:26:10,-23.2,-23.5,-22.2,-22.7,-22.4,-22.4,-23.1,-22.5,1
136,12/29/2021,17:26:12,-23.2,-23.5,-22.2,-22.7,-22.4,-22.4,-23.1,-22.5,1
137,12/29/2021,17:26:14,-23.2,-23.5,-22.3,-22.6,-22.4,-22.4,-23.1,-22.5,1
138,12/29/2021,17:26:16,-23.2,-23.5,-22.3,-22.6,-22.4,-22.5,-23.1,-22.5,1
139,12/29/2021,17:26:18,-23.2,-23.5,-22.3,-22.6,-22.3,-22.5,-23.1,-22.5,1
140,12/29/2021,17:26:20,-23.2,-23.5,-22.3,-22.7,-22.4,-22.5,-23.2,-22.5,1
141,12/29/2021,17:26:22,-23.2,-23.5,-22.3,-22.7,-22.4,-22.6,-23.1,-22.5,1
142,12/29/2021,17:26:24,-23.3,-23.5,-22.3,-22.8,-22.5,-22.6,-23.2,-22.6,1
143,12/29/2021,17:26:26,-23.3,-23.5,-22.3,-22.8,-22.6,-22.6,-23.2,-22.7,1
144,12/29/2021,17:26:28,-23.3,-23.5,-22.3,-22.9,-22.7,-22.6,-23.2,-22.7,1
145,12/29/2021,17:26:30,-23.3,-23.6,-22.5,-22.9,-22.7,-22.6,-23.2,-22.8,1
146,12/29/2021,17:26:32,-23.3,-23.6,-22.5,-22.9,-22.8,-22.6,-23.2,-22.8,1
147,12/29/2021,17:26:34,-23.3,-23.6,-22.5,-23,-22.8,-22.6,-23.2,-22.8,1
148,12/29/2021,17:26:36,-23.3,-23.6,-22.5,-23,-22.9,-22.6,-23.2,-22.9,1
149,12/29/2021,17:26:38,-23.3,-23.6,-22.5,-23,-22.8,-22.6,-23.2,-22.9,1
150,12/29/2021,17:26:40,-23.3,-23.6,-22.6,-23,-22.8,-22.6,-23.2,-23,1
151,12/29/2021,17:26:42,-23.3,-23.6,-22.5,-23,-22.8,-22.7,-23.2,-22.9,1
152,12/29/2021,17:26:44,-23.3,-23.6,-22.5,-23,-22.8,-22.7,-23.3,-23,1
153,12/29/2021,17:26:46,-23.4,-23.6,-22.5,-23,-22.8,-22.7,-23.3,-23,1
154,12/29/2021,17:26:48,-23.4,-23.6,-22.5,-23,-22.8,-22.8,-23.3,-22.9,1
155,12/29/2021,17:26:50,-23.4,-23.7,-22.5,-23,-22.8,-22.8,-23.3,-23,1
156,12/29/2021,17:26:52,-23.4,-23.6,-22.5,-23,-22.8,-22.8,-23.3,-23,1
157,12/29/2021,17:26:54,-23.4,-23.7,-22.5,-23,-22.8,-22.8,-23.3,-18.7,1
158,12/29/2021,17:26:56,-23.5,-23.7,-22.5,-23,-22.9,-22.9,-23.3,-18.6,1
159,12/29/2021,17:26:58,-23.5,-23.7,-22.5,-23.1,-22.9,-22.9,-23.3,-19.3,1
160,12/29/2021,17:27:00,-23.5,-23.7,-22.5,-23.1,-23,-22.9,-23.3,-20.1,1
161,12/29/2021,17:27:02,-23.5,-23.7,-22.4,-23.2,-23,-22.9,-23.4,-20.7,1
162,12/29/2021,17:27:04,-23.5,-23.7,-22.4,-23.2,-23,-23,-23.4,-21.2,1
163,12/29/2021,17:27:06,-23.5,-23.7,-22.4,-23.2,-23.1,-23,-23.4,-21.6,1
164,12/29/2021,17:27:08,-23.5,-23.7,-22.4,-23.2,-23.1,-23,-23.4,-21.9,1
165,12/29/2021,17:27:10,-23.5,-23.7,-22.5,-23.2,-23.2,-23,-23.4,-22.2,1
166,12/29/2021,17:27:12,-23.5,-23.7,-22.4,-23.3,-23.2,-23,-23.5,-22.4,1
167,12/29/2021,17:27:14,-23.5,-23.8,-22.4,-23.3,-23.2,-23,-23.5,-22.6,1
168,12/29/2021,17:27:16,-23.6,-23.7,-22.4,-23.3,-23.2,-23,-23.5,-22.7,1
169,12/29/2021,17:27:18,-23.6,-23.8,-22.3,-23.3,-23.2,-23.1,-23.5,-22.8,1
170,12/29/2021,17:27:20,-23.6,-23.8,-22.3,-23.3,-23.2,-23.1,-23.5,-22.9,1
171,12/29/2021,17:27:22,-23.6,-23.8,-22.3,-23.3,-23.2,-23.1,-23.5,-23,1
172,12/29/2021,17:27:24,-23.6,-23.8,-22.2,-23.3,-23.2,-23.1,-23.5,-23.1,1
173,12/29/2021,17:27:26,-23.6,-23.8,-22.2,-23.3,-23.2,-23.1,-23.4,-23.1,1
174,12/29/2021,17:27:28,-23.6,-23.8,-22.2,-23.3,-23.2,-23.1,-23.3,-23.1,1
175,12/29/2021,17:27:30,-23.6,-23.8,-22.3,-23.3,-23.1,-23.1,-23.2,-23.1,1
176,12/29/2021,17:27:32,-23.6,-23.8,-22.3,-23.3,-23,-23.1,-23.2,-23.1,1
177,12/29/2021,17:27:34,-23.6,-23.8,-22.3,-23.3,-23,-23.1,-23.3,-23,1
178,12/29/2021,17:27:36,-23.6,-23.9,-22.4,-23.3,-23,-23.1,-23.3,-23,1
179,12/29/2021,17:27:38,-23.6,-23.9,-22.4,-23.3,-22.9,-23.1,-23.4,-23,1
180,12/29/2021,17:27:40,-23.6,-23.9,-22.4,-23.3,-22.8,-23.2,-23.4,-23,1
181,12/29/2021,17:27:42,-23.6,-23.9,-22.5,-23.3,-22.8,-23.2,-23.5,-23,1
182,12/29/2021,17:27:44,-23.6,-23.9,-22.5,-23.3,-22.8,-23.2,-23.5,-22.9,1
183,12/29/2021,17:27:46,-23.1,-23.9,-22.5,-23.3,-22.8,-23.2,-23.5,-22.9,1
184,12/29/2021,17:27:48,-22.3,-23.9,-22.5,-23.2,-22.8,-23.2,-23.6,-22.9,1
185,12/29/2021,17:27:50,-21.8,-24,-22.5,-23.3,-22.7,-23.2,-23.6,-22.9,1
186,12/29/2021,17:27:52,-21.6,-24,-22.5,-23.3,-22.7,-23.2,-23.6,-22.9,1
187,12/29/2021,17:27:54,-21.6,-24,-22.6,-23.3,-22.8,-23.2,-23.6,-22.8,1
188,12/29/2021,17:27:56,-21.7,-23.9,-22.6,-23.3,-22.7,-23.2,-23.6,-22.9,1
189,12/29/2021,17:27:58,-21.9,-24,-22.6,-23.3,-22.7,-23.2,-23.6,-22.8,1
190,12/29/2021,17:28:00,-22.1,-24,-22.6,-23.3,-22.7,-23.2,-23.7,-22.8,1
191,12/29/2021,17:28:02,-22.4,-24,-22.6,-23.3,-22.7,-23.2,-23.7,-22.8,1
192,12/29/2021,17:28:04,-22.6,-24,-22.6,-23.4,-22.7,-23.2,-23.7,-22.8,1
193,12/29/2021,17:28:06,-22.8,-24,-22.6,-23.4,-22.6,-23.2,-23.7,-22.7,1
194,12/29/2021,17:28:08,-23,-24,-22.6,-23.4,-22.7,-23.2,-23.7,-22.8,1
195,12/29/2021,17:28:10,-23.1,-24,-22.6,-23.4,-22.7,-23.2,-23.7,-22.7,1
196,12/29/2021,17:28:12,-23.3,-24,-22.6,-23.5,-22.7,-23.2,-23.7,-22.8,1
197,12/29/2021,17:28:14,-23.4,-24,-22.7,-23.4,-22.7,-23.2,-23.7,-22.8,1
198,12/29/2021,17:28:16,-23.4,-24,-22.7,-23.5,-22.7,-23.2,-23.7,-22.8,1
199,12/29/2021,17:28:18,-23.5,-24,-22.7,-23.5,-22.7,-23.2,-23.8,-22.8,1
200,12/29/2021,17:28:20,-23.6,-24.1,-22.7,-23.5,-22.7,-23.2,-23.8,-22.8,1
201,12/29/2021,17:28:22,-23.6,-24.1,-22.7,-23.5,-22.8,-23.2,-23.8,-22.8,1
202,12/29/2021,17:28:24,-23.7,-24.1,-22.7,-23.5,-22.8,-23.2,-23.8,-22.9,1
203,12/29/2021,17:28:26,-23.7,-24.1,-22.8,-23.5,-22.9,-23.2,-23.8,-23,1
204,12/29/2021,17:28:28,-23.7,-24.1,-22.7,-23.5,-22.9,-23.3,-23.8,-23.1,1
205,12/29/2021,17:28:30,-23.7,-24,-22.6,-23.4,-22.9,-23.2,-23.7,-23,1
206,12/29/2021,17:28:32,-23.7,-24,-22.6,-23.4,-22.9,-23.2,-23.7,-23.1,1
207,12/29/2021,17:28:34,-23.7,-24,-22.6,-23.5,-23,-23.2,-23.7,-23.1,1
208,12/29/2021,17:28:36,-23.7,-24,-22.6,-23.5,-23,-23.2,-23.7,-23.2,1
209,12/29/2021,17:28:38,-23.7,-24,-22.6,-23.4,-23,-23.1,-23.7,-23.2,1
210,12/29/2021,17:28:40,-23.7,-24,-22.6,-23.4,-22.9,-23.1,-23.7,-23.2,1
211,12/29/2021,17:28:42,-23.7,-24.1,-22.7,-23.4,-22.9,-23.1,-23.7,-23.1,1
212,12/29/2021,17:28:44,-23.7,-24.1,-22.7,-23.3,-22.8,-23.1,-23.7,-23.1,1
213,12/29/2021,17:28:46,-23.7,-24.1,-22.7,-23.3,-22.8,-23.1,-23.7,-23.1,1
214,12/29/2021,17:28:48,-23.8,-24.2,-22.8,-23.4,-22.9,-23.2,-23.8,-23.2,1
215,12/29/2021,17:28:50,-23.8,-24.2,-22.9,-23.3,-22.9,-23.2,-23.8,-23.2,1
216,12/29/2021,17:28:52,-23.8,-24.2,-22.9,-23.3,-22.9,-23.1,-23.7,-23.2,1
217,12/29/2021,17:28:54,-23.8,-24.2,-22.9,-23.3,-22.9,-23.1,-23.6,-23.1,1
218,12/29/2021,17:28:56,-23.8,-24.2,-22.9,-23.3,-22.9,-23.1,-23.5,-23.1,1
219,12/29/2021,17:28:58,-23.8,-24.2,-22.9,-23.2,-23,-23,-23.5,-23.2,1
220,12/29/2021,17:29:00,-23.8,-24.2,-22.9,-23.2,-23,-23,-23.5,-23.1,1
221,12/29/2021,17:29:02,-23.8,-24.2,-23,-23.2,-23,-23,-23.6,-23.1,1
222,12/29/2021,17:29:04,-23.8,-24.2,-23,-23.2,-23,-23,-23.6,-23.2,1
223,12/29/2021,17:29:06,-23.8,-24.2,-23,-23.2,-23,-23,-23.6,-23.2,1
224,12/29/2021,17:29:08,-23.8,-24.2,-23,-23.2,-23,-23,-23.6,-23.1,1
225,12/29/2021,17:29:10,-23.8,-24.2,-23,-23.1,-23,-23,-23.6,-23.1,1
226,12/29/2021,17:29:12,-23.8,-24.1,-23.1,-23.1,-23,-23.1,-23.6,-23.2,1
227,12/29/2021,17:29:14,-23.8,-24.2,-23.1,-23.1,-23,-23.1,-23.6,-23.1,1
228,12/29/2021,17:29:16,-23.8,-24.2,-23.1,-23.1,-22.9,-23.2,-23.6,-23.1,1
229,12/29/2021,17:29:18,-23.8,-24.2,-23.1,-23,-22.9,-23.2,-23.7,-23.1,1
230,12/29/2021,17:29:20,-23.8,-24.2,-23.1,-23,-23,-23.2,-23.7,-23.1,1
231,12/29/2021,17:29:22,-23.8,-24.2,-23.1,-23,-22.9,-23.3,-23.8,-23.1,1
232,12/29/2021,17:29:24,-23.8,-24.2,-23.1,-23,-22.9,-23.3,-23.9,-23.1,1
233,12/29/2021,17:29:26,-23.9,-24.2,-23.1,-23.1,-22.9,-23.3,-23.9,-23.1,1
234,12/29/2021,17:29:28,-23.9,-24.2,-23.1,-23.1,-22.9,-23.3,-23.9,-23.1,1
235,12/29/2021,17:29:30,-23.9,-24.3,-23.1,-23.1,-22.9,-23.3,-24,-23.2,1
236,12/29/2021,17:29:32,-23.9,-24.3,-23.1,-23.1,-23,-23.2,-24,-23.2,1
237,12/29/2021,17:29:34,-23.9,-24.3,-23.2,-23.1,-23,-23.2,-24,-23.1,1
238,12/29/2021,17:29:36,-23.9,-24.3,-23.2,-23.1,-23,-23.2,-24,-23.2,1
239,12/29/2021,17:29:38,-24,-24.3,-23.2,-23.1,-23,-23.2,-24,-23.2,1
240,12/29/2021,17:29:40,-23.9,-24.3,-23.2,-23.1,-23,-23.2,-24,-23.2,1
241,12/29/2021,17:29:42,-23.9,-24.3,-23.2,-23.1,-23,-23.2,-24,-23.2,1
242,12/29/2021,17:29:44,-24,-24.3,-23.3,-23.1,-23,-23.2,-24,-23.2,1
243,12/29/2021,17:29:46,-24,-24.3,-23.3,-23.2,-23.1,-23.1,-24,-23.2,1
244,12/29/2021,17:29:48,-24,-24.4,-23.2,-23.3,-23,-23.1,-24,-23.2,1
245,12/29/2021,17:29:50,-24,-24.4,-23.3,-23.3,-23,-23.2,-24,-23.2,1
246,12/29/2021,17:29:52,-24,-24.4,-23.3,-23.4,-23.1,-23.2,-24,-23.2,1
247,12/29/2021,17:29:54,-24.1,-24.4,-23.3,-23.5,-23.1,-23.2,-24.1,-23.3,1
248,12/29/2021,17:29:56,-24.1,-24.4,-23.3,-23.5,-23.2,-23.2,-24.1,-23.4,1
249,12/29/2021,17:29:58,-24.1,-24.5,-23.3,-23.6,-23.3,-23.2,-24.1,-23.5,1
250,12/29/2021,17:30:00,-24.1,-24.5,-23.3,-23.6,-23.5,-23.2,-24.1,-23.6,1
251,12/29/2021,17:30:02,-24.2,-24.5,-23.3,-23.7,-23.5,-23.2,-24.1,-23.6,1
252,12/29/2021,17:30:04,-24.2,-24.5,-23.3,-23.7,-23.5,-23.3,-24.2,-23.7,1
253,12/29/2021,17:30:06,-24.2,-24.5,-23.4,-23.7,-23.6,-23.2,-24.2,-23.7,1
254,12/29/2021,17:30:08,-24.2,-24.5,-23.4,-23.8,-23.6,-23.2,-24.1,-23.7,1
255,12/29/2021,17:30:10,-24.2,-24.5,-23.4,-23.8,-23.5,-23.2,-24,-23.8,1
256,12/29/2021,17:30:12,-24.2,-24.5,-23.4,-23.8,-23.6,-23.1,-23.9,-23.8,1
257,12/29/2021,17:30:14,-24.2,-24.4,-23.4,-23.8,-23.5,-23.2,-23.9,-23.8,1
258,12/29/2021,17:30:16,-24.2,-24.5,-23.5,-23.8,-23.5,-23.2,-23.9,-23.8,1
259,12/29/2021,17:30:18,-24.2,-24.5,-23.5,-23.8,-23.5,-23.2,-24,-23.8,1
260,12/29/2021,17:30:20,-24.2,-24.5,-23.5,-23.9,-23.4,-23.3,-24,-23.7,1
261,12/29/2021,17:30:22,-24.2,-24.5,-23.5,-23.9,-23.4,-23.3,-24,-23.8,1
262,12/29/2021,17:30:24,-24.2,-24.5,-23.5,-23.9,-23.4,-23.3,-24.1,-23.8,1
263,12/29/2021,17:30:26,-24.3,-24.5,-23.5,-24,-23.5,-23.4,-24.1,-23.8,1
264,12/29/2021,17:30:28,-24.3,-24.5,-23.5,-24,-23.5,-23.5,-24.2,-20.8,1
265,12/29/2021,17:30:30,-24.3,-24.6,-23.5,-24,-23.5,-23.5,-24.2,-20,1
266,12/29/2021,17:30:32,-24.3,-24.6,-23.5,-24,-23.5,-23.5,-24.2,-20.2,1
267,12/29/2021,17:30:34,-24.3,-24.6,-23.5,-24,-23.4,-23.6,-24.2,-20.8,1
268,12/29/2021,17:30:36,-24.3,-24.6,-23.5,-24,-23.4,-23.6,-24.3,-21.4,1
269,12/29/2021,17:30:38,-24.4,-24.6,-23.5,-24,-23.4,-23.6,-24.3,-21.9,1
270,12/29/2021,17:30:40,-24.3,-24.6,-23.5,-24,-23.3,-23.7,-24.3,-22.3,1
271,12/29/2021,17:30:42,-24.3,-24.6,-23.5,-24,-23.3,-23.7,-24.3,-22.6,1
272,12/29/2021,17:30:44,-24.3,-24.7,-23.5,-24,-23.3,-23.7,-24.3,-22.8,1
273,12/29/2021,17:30:46,-24.3,-24.7,-23.6,-24,-23.3,-23.7,-24.3,-23,1
274,12/29/2021,17:30:48,-24.3,-24.7,-23.6,-23.9,-23.3,-23.7,-24.3,-23.1,1
275,12/29/2021,17:30:50,-24.3,-24.7,-23.6,-23.9,-23.3,-23.7,-24.4,-23.2,1
276,12/29/2021,17:30:52,-24.3,-24.7,-23.6,-23.8,-23.3,-23.7,-24.4,-23.3,1
277,12/29/2021,17:30:54,-24.3,-24.7,-23.6,-23.8,-23.4,-23.7,-24.3,-23.3,1
278,12/29/2021,17:30:56,-24.3,-24.7,-23.6,-23.8,-23.3,-23.7,-24.4,-23.4,1
279,12/29/2021,17:30:58,-24.3,-24.7,-23.6,-23.8,-23.4,-23.7,-24.4,-23.5,1
280,12/29/2021,17:31:00,-24.3,-24.7,-23.6,-23.8,-23.4,-23.7,-24.4,-23.5,1
281,12/29/2021,17:31:02,-24.4,-24.7,-23.6,-23.8,-23.4,-23.7,-24.4,-23.5,1
282,12/29/2021,17:31:04,-24.4,-24.7,-23.6,-23.8,-23.4,-23.7,-24.4,-23.5,1
283,12/29/2021,17:31:06,-24.4,-24.7,-23.6,-23.8,-23.5,-23.7,-24.4,-23.6,1
284,12/29/2021,17:31:08,-24.4,-24.7,-23.6,-23.8,-23.5,-23.7,-24.4,-23.5,1
285,12/29/2021,17:31:10,-24.5,-24.7,-23.6,-23.9,-23.5,-23.7,-24.4,-23.6,1
286,12/29/2021,17:31:12,-24.5,-24.8,-23.5,-23.9,-23.5,-23.8,-24.4,-23.6,1
287,12/29/2021,17:31:14,-24.5,-24.8,-23.5,-23.9,-23.5,-23.8,-24.5,-23.6,1
288,12/29/2021,17:31:16,-24.5,-24.8,-23.6,-24,-23.5,-23.8,-24.5,-23.6,1
289,12/29/2021,17:31:18,-24.5,-24.8,-23.6,-24,-23.5,-23.8,-24.5,-23.6,1
290,12/29/2021,17:31:20,-24.5,-24.8,-23.6,-24,-23.5,-23.7,-24.5,-23.6,1
291,12/29/2021,17:31:22,-24.6,-24.8,-23.6,-24,-23.5,-23.7,-24.5,-23.6,1
292,12/29/2021,17:31:24,-24.6,-24.8,-23.6,-24,-23.5,-23.7,-24.4,-23.6,1
293,12/29/2021,17:31:26,-24.5,-24.8,-23.6,-24,-23.5,-23.7,-24.4,-23.6,1
294,12/29/2021,17:31:28,-24.6,-24.8,-23.6,-24,-23.5,-23.6,-24.4,-23.6,1
295,12/29/2021,17:31:30,-24.5,-24.9,-23.6,-24,-23.5,-23.6,-24.4,-23.6,1
296,12/29/2021,17:31:32,-24.6,-24.9,-23.6,-24,-23.5,-23.6,-24.4,-23.7,1
297,12/29/2021,17:31:34,-24.6,-24.8,-23.6,-24,-23.5,-23.7,-24.4,-23.7,1
298,12/29/2021,17:31:36,-24.6,-24.9,-23.7,-24,-23.5,-23.7,-24.5,-23.7,1
299,12/29/2021,17:31:38,-24.6,-24.9,-23.7,-24,-23.5,-23.7,-24.5,-23.7,1
300,12/29/2021,17:31:40,-24.6,-24.9,-23.7,-24,-23.5,-23.7,-24.5,-23.7,1
301,12/29/2021,17:31:42,-24.6,-24.9,-23.7,-24,-23.5,-23.7,-24.5,-23.7,1
302,12/29/2021,17:31:44,-24.6,-24.9,-23.7,-24,-23.5,-23.7,-24.5,-23.7,1
303,12/29/2021,17:31:46,-24.6,-24.9,-23.7,-24,-23.6,-23.7,-24.5,-23.7,1
304,12/29/2021,17:31:48,-24.6,-24.9,-23.8,-24,-23.6,-23.7,-24.5,-23.7,1
305,12/29/2021,17:31:50,-24.6,-24.9,-23.8,-24,-23.6,-23.7,-24.5,-23.7,1
306,12/29/2021,17:31:52,-24.6,-24.9,-23.7,-24,-23.6,-23.7,-24.5,-23.7,1
307,12/29/2021,17:31:54,-24.6,-24.9,-23.7,-23.9,-23.6,-23.7,-24.5,-23.7,1
308,12/29/2021,17:31:56,-24.5,-25,-23.8,-23.8,-23.6,-23.7,-24.5,-23.7,1
309,12/29/2021,17:31:58,-24.4,-25,-23.8,-23.8,-23.6,-23.7,-24.5,-23.7,1
310,12/29/2021,17:32:00,-24.4,-24.9,-23.8,-23.8,-23.7,-23.7,-24.5,-23.7,1
311,12/29/2021,17:32:02,-24.3,-24.9,-23.8,-23.8,-23.7,-23.7,-24.5,-23.8,1
312,12/29/2021,17:32:04,-24.3,-24.9,-23.8,-23.7,-23.7,-23.7,-24.6,-23.8,1
313,12/29/2021,17:32:06,-24.3,-25,-23.8,-23.7,-23.7,-23.7,-24.6,-23.8,1
314,12/29/2021,17:32:08,-24.3,-24.9,-23.8,-23.7,-23.7,-23.8,-24.6,-23.7,1
315,12/29/2021,17:32:10,-24.3,-24.9,-23.8,-23.7,-23.6,-23.8,-24.6,-23.8,1
316,12/29/2021,17:32:12,-24.3,-24.9,-23.8,-23.7,-23.7,-23.8,-24.6,-23.8,1
317,12/29/2021,17:32:14,-24.3,-25,-23.8,-23.7,-23.7,-23.8,-24.6,-23.8,1
318,12/29/2021,17:32:16,-24.4,-25,-23.8,-23.7,-23.7,-23.8,-24.6,-23.8,1
319,12/29/2021,17:32:18,-24.4,-25,-23.8,-23.7,-23.7,-23.8,-24.6,-23.8,1
320,12/29/2021,17:32:20,-24.5,-25,-23.8,-23.7,-23.6,-23.8,-24.7,-23.8,1
321,12/29/2021,17:32:22,-24.5,-25,-23.9,-23.7,-23.6,-23.8,-24.7,-23.8,1
322,12/29/2021,17:32:24,-24.5,-25,-23.9,-23.7,-23.7,-23.8,-24.7,-23.8,1
323,12/29/2021,17:32:26,-24.5,-25,-23.8,-23.7,-23.7,-23.8,-24.7,-23.8,1
324,12/29/2021,17:32:28,-24.5,-25,-23.9,-23.7,-23.6,-23.8,-24.7,-23.8,1
325,12/29/2021,17:32:30,-24.5,-25,-23.9,-23.7,-23.6,-23.8,-24.7,-23.8,1
326,12/29/2021,17:32:32,-24.4,-25,-23.9,-23.7,-23.7,-23.8,-24.7,-23.8,1
327,12/29/2021,17:32:34,-24.4,-25,-23.9,-23.7,-23.7,-23.8,-24.7,-23.8,1
328,12/29/2021,17:32:36,-24.3,-25,-23.9,-23.7,-23.7,-23.7,-24.7,-23.8,1
329,12/29/2021,17:32:38,-24.3,-25,-24,-23.7,-23.6,-23.7,-24.6,-23.8,1
330,12/29/2021,17:32:40,-24.3,-24.9,-23.9,-23.7,-23.7,-23.7,-24.6,-23.8,1
331,12/29/2021,17:32:42,-24.2,-24.8,-23.8,-23.6,-23.6,-23.6,-24.5,-23.7,1
332,12/29/2021,17:32:44,-24.2,-24.7,-23.8,-23.6,-23.5,-23.6,-24.5,-23.7,1
333,12/29/2021,17:32:46,-24.1,-24.7,-23.8,-23.6,-23.6,-23.6,-24.5,-23.7,1
334,12/29/2021,17:32:48,-24.2,-24.7,-23.9,-23.6,-23.6,-23.6,-24.5,-23.7,1
335,12/29/2021,17:32:50,-24.1,-24.6,-23.9,-23.6,-23.6,-23.6,-24.5,-23.3,1
336,12/29/2021,17:32:52,-24.1,-24.6,-23.9,-23.6,-23.6,-23.6,-24.4,-22.1,1
337,12/29/2021,17:32:54,-24.1,-24.6,-23.9,-23.6,-23.6,-23.6,-24.4,-21.7,1
338,12/29/2021,17:32:56,-24.1,-24.6,-24,-23.6,-23.6,-23.6,-24.4,-21.6,1
339,12/29/2021,17:32:58,-24.1,-24.6,-24,-23.6,-23.6,-23.6,-24.4,-21.9,1
340,12/29/2021,17:33:00,-24.1,-24.6,-24,-23.7,-23.6,-23.6,-24.5,-22.2,1
341,12/29/2021,17:33:02,-24.2,-24.6,-24,-23.7,-23.6,-23.7,-24.5,-22.5,1
342,12/29/2021,17:33:04,-24.2,-24.7,-24,-23.7,-23.6,-23.8,-24.5,-22.8,1
343,12/29/2021,17:33:06,-24.3,-24.7,-24,-23.8,-23.6,-23.8,-24.6,-23,1
344,12/29/2021,17:33:08,-24.4,-24.7,-24,-23.9,-23.6,-23.8,-24.6,-23.2,1
345,12/29/2021,17:33:10,-24.5,-24.8,-24,-24,-23.7,-23.9,-24.6,-23.5,1
346,12/29/2021,17:33:12,-24.5,-24.9,-23.9,-24,-23.9,-23.9,-24.7,-23.7,1
347,12/29/2021,17:33:14,-24.6,-24.9,-23.9,-24.1,-24.1,-24,-24.7,-23.9,1
348,12/29/2021,17:33:16,-24.6,-25,-23.8,-24.2,-24.1,-24,-24.7,-24,1
349,12/29/2021,17:33:18,-24.8,-25.1,-24,-24.4,-24.2,-24.2,-24.8,-24.2,1
350,12/29/2021,17:33:20,-24.8,-25.1,-23.9,-24.4,-24.1,-24.2,-24.9,-24.3,1
351,12/29/2021,17:33:22,-24.9,-25.2,-23.9,-24.5,-24,-24.2,-24.9,-24.3,1
352,12/29/2021,17:33:24,-24.9,-25.2,-23.9,-24.5,-23.9,-24.3,-24.9,-24.3,1
353,12/29/2021,17:33:26,-24.9,-25.2,-23.9,-24.5,-23.8,-24.3,-25,-24.3,1
354,12/29/2021,17:33:28,-25,-25.2,-23.9,-24.5,-23.8,-24.3,-25,-24.2,1
355,12/29/2021,17:33:30,-25,-25.3,-24,-24.5,-23.9,-24.3,-25,-24.2,1
356,12/29/2021,17:33:32,-25,-25.3,-24,-24.6,-23.9,-24.3,-25,-24.2,1
357,12/29/2021,17:33:34,-25,-25.3,-24,-24.6,-24,-24.3,-25,-24.3,1
358,12/29/2021,17:33:36,-25,-25.3,-24,-24.6,-24,-24.2,-25,-24.3,1
359,12/29/2021,17:33:38,-25,-25.3,-24,-24.6,-24,-24.2,-25,-24.3,1
360,12/29/2021,17:33:40,-25,-25.3,-24,-24.6,-24,-24.1,-25,-24.3,1
361,12/29/2021,17:33:42,-25,-25.3,-24,-24.6,-24,-24.1,-25,-24.3,1
362,12/29/2021,17:33:44,-24.9,-25.3,-24.1,-24.6,-24,-24.2,-25.1,-24.3,1
363,12/29/2021,17:33:46,-24.9,-25.3,-24.1,-24.6,-24,-24.1,-25.1,-24.4,1
364,12/29/2021,17:33:48,-24.9,-25.3,-24.1,-24.6,-24,-24.1,-25.1,-24.4,1
365,12/29/2021,17:33:50,-24.9,-25.3,-24.1,-24.6,-24.1,-24.1,-25.1,-24.4,1
366,12/29/2021,17:33:52,-25,-25.3,-24.1,-24.6,-24.1,-24.1,-25.1,-24.5,1
367,12/29/2021,17:33:54,-25,-25.4,-24.1,-24.6,-24,-24.2,-25.1,-24.4,1
368,12/29/2021,17:33:56,-25,-25.4,-24.1,-24.6,-24,-24.2,-25.1,-24.4,1
369,12/29/2021,17:33:58,-25,-25.4,-24.1,-24.6,-24.1,-24.2,-25.1,-24.4,1
370,12/29/2021,17:34:00,-25,-25.4,-24.1,-24.6,-24,-24.2,-25.1,-24.4,1
371,12/29/2021,17:34:02,-25.1,-25.4,-24.1,-24.7,-24.1,-24.2,-25.1,-24.4,1
372,12/29/2021,17:34:04,-25.1,-25.5,-24.2,-24.7,-24.1,-24.3,-25.1,-24.5,1
373,12/29/2021,17:34:06,-25.1,-25.5,-24.2,-24.7,-24.1,-24.2,-25.2,-24.5,1
374,12/29/2021,17:34:08,-25.1,-25.5,-24.2,-24.7,-24.2,-24.3,-25.2,-24.5,1
375,12/29/2021,17:34:10,-25.2,-25.5,-24.2,-24.8,-24.2,-24.2,-25.2,-24.5,1
376,12/29/2021,17:34:12,-25.2,-25.5,-24.2,-24.8,-24.2,-24.2,-25.2,-24.5,1
377,12/29/2021,17:34:14,-25.2,-25.5,-24.2,-24.8,-24.2,-24.1,-25.1,-24.5,1
378,12/29/2021,17:34:16,-25.2,-25.5,-24.2,-24.8,-24.2,-24.1,-25.1,-24.6,1
379,12/29/2021,17:34:18,-25.2,-25.5,-24.2,-24.8,-24.2,-24.1,-25.1,-24.5,1
380,12/29/2021,17:34:20,-25.2,-25.5,-24.2,-24.8,-24.2,-24.1,-25.1,-24.5,1
381,12/29/2021,17:34:22,-25.2,-25.5,-24.2,-24.8,-24.1,-24.2,-25.1,-24.5,1
382,12/29/2021,17:34:24,-25.2,-25.5,-24.3,-24.7,-24.1,-24.3,-25.2,-24.5,1
383,12/29/2021,17:34:26,-25.2,-25.6,-24.3,-24.7,-24.1,-24.4,-25.2,-24.5,1
384,12/29/2021,17:34:28,-25.2,-25.5,-24.3,-24.7,-24.1,-24.5,-25.2,-24.4,1
385,12/29/2021,17:34:30,-25.2,-25.5,-24.3,-24.7,-24.1,-24.5,-25.2,-24.4,1
386,12/29/2021,17:34:32,-25.3,-25.5,-24.3,-24.7,-24.1,-24.5,-25.2,-24.4,1
387,12/29/2021,17:34:34,-25.3,-25.5,-24.3,-24.7,-24.1,-24.5,-25.3,-24.4,1
388,12/29/2021,17:34:36,-25.3,-25.6,-24.3,-24.7,-24.1,-24.6,-25.3,-24.4,1
389,12/29/2021,17:34:38,-25.3,-25.6,-24.3,-24.8,-24.1,-24.6,-25.3,-24.4,1
390,12/29/2021,17:34:40,-25.3,-25.6,-24.3,-24.8,-24.1,-24.5,-25.3,-24.3,1
391,12/29/2021,17:34:42,-25.3,-25.6,-24.3,-24.8,-24.1,-24.5,-25.3,-24.4,1
392,12/29/2021,17:34:44,-25.3,-25.6,-24.3,-24.8,-24.1,-24.5,-25.3,-24.3,1
393,12/29/2021,17:34:46,-25.3,-25.6,-24.3,-24.8,-24.1,-24.5,-25.3,-24.3,1
394,12/29/2021,17:34:48,-25.3,-25.6,-24.3,-24.8,-24.1,-24.5,-25.3,-24.3,1
395,12/29/2021,17:34:50,-25.3,-25.7,-24.3,-24.8,-24.1,-24.5,-25.3,-24.3,1
396,12/29/2021,17:34:52,-25.4,-25.7,-24.3,-24.8,-24.1,-24.5,-25.3,-24.3,1
397,12/29/2021,17:34:54,-25.4,-25.6,-24.3,-24.9,-24.1,-24.6,-25.3,-24.3,1
398,12/29/2021,17:34:56,-25.4,-25.7,-24.3,-24.9,-24.1,-24.6,-25.3,-24.3,1
399,12/29/2021,17:34:58,-25.4,-25.7,-24.3,-24.9,-24.1,-24.6,-25.3,-24.3,1
400,12/29/2021,17:35:00,-25.4,-25.7,-24.3,-24.9,-24.1,-24.6,-25.3,-24.3,1
401,12/29/2021,17:35:02,-25.4,-25.7,-24.3,-24.9,-24.1,-24.6,-25.3,-24.3,1
402,12/29/2021,17:35:04,-25.4,-25.6,-24.3,-24.9,-24.1,-24.6,-25.3,-24.2,1
403,12/29/2021,17:35:06,-25.4,-25.7,-24.4,-24.8,-24,-24.6,-25.3,-24.3,1
404,12/29/2021,17:35:08,-25.4,-25.7,-24.4,-24.7,-24.1,-24.6,-25.3,-24.3,1
405,12/29/2021,17:35:10,-25.4,-25.7,-24.4,-24.7,-24.1,-24.6,-25.3,-24.3,1
406,12/29/2021,17:35:12,-25.4,-25.7,-24.5,-24.6,-24.1,-24.6,-25.3,-24.3,1
407,12/29/2021,17:35:14,-25.4,-25.7,-24.5,-24.6,-24.1,-24.6,-25.2,-24.3,1
408,12/29/2021,17:35:16,-25.4,-25.6,-24.3,-24.5,-24.1,-24.6,-25.2,-24.3,1
409,12/29/2021,17:35:18,-25.4,-25.6,-24.2,-24.5,-24.2,-24.6,-25.2,-24.3,1
410,12/29/2021,17:35:20,-25.4,-25.6,-24.1,-24.4,-24.2,-24.6,-25.2,-24.4,1
411,12/29/2021,17:35:22,-25.3,-25.6,-24.1,-24.4,-24.2,-24.6,-25.2,-24.4,1
412,12/29/2021,17:35:24,-25.3,-25.6,-24.1,-24.4,-24.2,-24.7,-25.3,-24.4,1
413,12/29/2021,17:35:26,-25.3,-25.6,-24.1,-24.3,-24.2,-24.7,-25.3,-24.4,1
414,12/29/2021,17:35:28,-25.3,-25.7,-24.1,-24.3,-24.2,-24.7,-25.3,-24.5,1
415,12/29/2021,17:35:30,-25.3,-25.7,-24.2,-24.3,-24.2,-24.8,-25.4,-24.5,1
416,12/29/2021,17:35:32,-25.3,-25.7,-24.2,-24.3,-24.3,-24.8,-25.4,-24.5,1
417,12/29/2021,17:35:34,-25.3,-25.7,-24.2,-24.3,-24.3,-24.8,-25.5,-24.5,1
418,12/29/2021,17:35:36,-25.3,-25.7,-24.3,-24.2,-24.3,-24.8,-25.5,-24.4,1
419,12/29/2021,17:35:38,-25.3,-25.8,-24.3,-24.3,-24.3,-24.8,-25.5,-24.5,1
420,12/29/2021,17:35:40,-25.3,-25.8,-24.4,-24.2,-24.3,-24.8,-25.5,-24.5,1
421,12/29/2021,17:35:42,-25.2,-25.8,-24.4,-24.3,-24.3,-24.7,-25.5,-24.5,1
422,12/29/2021,17:35:44,-25.2,-25.8,-24.5,-24.3,-24.3,-24.7,-25.5,-24.5,1
423,12/29/2021,17:35:46,-25.1,-25.7,-24.5,-24.3,-24.3,-24.7,-25.5,-24.5,1
424,12/29/2021,17:35:48,-25.1,-25.7,-24.5,-24.3,-24.3,-24.7,-25.5,-24.5,1
425,12/29/2021,17:35:50,-25.1,-25.7,-24.6,-24.3,-24.3,-24.7,-25.5,-24.5,1
426,12/29/2021,17:35:52,-25.1,-25.7,-24.6,-24.3,-24.3,-24.7,-25.5,-24.6,1
427,12/29/2021,17:35:54,-25.1,-25.7,-24.7,-24.3,-24.4,-24.7,-25.5,-24.6,1
428,12/29/2021,17:35:56,-25,-25.7,-24.6,-24.4,-24.4,-24.7,-25.4,-24.6,1
429,12/29/2021,17:35:58,-25.1,-25.7,-24.7,-24.4,-24.4,-24.6,-25.4,-24.6,1
430,12/29/2021,17:36:00,-25.1,-25.7,-24.7,-24.4,-24.4,-24.6,-25.4,-24.6,1
431,12/29/2021,17:36:02,-25,-25.7,-24.7,-24.4,-24.4,-24.6,-25.4,-24.6,1
432,12/29/2021,17:36:04,-25,-25.7,-24.7,-24.4,-24.4,-24.6,-25.3,-24.6,1
433,12/29/2021,17:36:06,-25,-25.7,-24.7,-24.4,-24.4,-24.6,-25.4,-24.6,1
434,12/29/2021,17:36:08,-25,-25.7,-24.7,-24.4,-24.4,-24.6,-25.4,-24.6,1
435,12/29/2021,17:36:10,-25.1,-25.7,-24.7,-24.4,-24.4,-24.6,-25.4,-24.6,1
436,12/29/2021,17:36:12,-25.1,-25.7,-24.7,-24.5,-24.4,-24.7,-25.5,-24.6,1
437,12/29/2021,17:36:14,-25.2,-25.8,-24.7,-24.6,-24.4,-24.7,-25.5,-24.6,1
438,12/29/2021,17:36:16,-25.3,-25.8,-24.7,-24.7,-24.4,-24.7,-25.6,-24.6,1
439,12/29/2021,17:36:18,-25.4,-25.8,-24.7,-24.7,-24.4,-24.7,-25.6,-24.7,1
440,12/29/2021,17:36:20,-25.4,-25.8,-24.7,-24.8,-24.5,-24.7,-25.6,-24.7,1
441,12/29/2021,17:36:22,-25.5,-25.8,-24.7,-24.9,-24.5,-24.7,-25.6,-24.8,1
442,12/29/2021,17:36:24,-25.5,-25.9,-24.7,-25,-24.5,-24.7,-25.6,-24.8,1
443,12/29/2021,17:36:26,-25.5,-25.9,-24.7,-25,-24.6,-24.6,-25.6,-24.9,1
444,12/29/2021,17:36:28,-25.6,-25.9,-24.7,-25.1,-24.6,-24.6,-25.6,-24.9,1
445,12/29/2021,17:36:30,-25.6,-26,-24.7,-25.1,-24.6,-24.5,-25.6,-24.9,1
446,12/29/2021,17:36:32,-25.6,-25.9,-24.7,-25.2,-24.5,-24.4,-25.5,-24.8,1
447,12/29/2021,17:36:34,-25.6,-26,-24.8,-25.2,-24.5,-24.4,-25.4,-24.8,1
448,12/29/2021,17:36:36,-25.6,-26,-24.8,-25.1,-24.5,-24.3,-25.3,-24.8,1
449,12/29/2021,17:36:38,-25.6,-26,-24.8,-25.1,-24.5,-24.3,-25.2,-24.8,1
450,12/29/2021,17:36:40,-25.6,-26,-24.8,-25.1,-24.5,-24.4,-25.2,-24.8,1
451,12/29/2021,17:36:42,-25.6,-26,-24.8,-25.1,-24.5,-24.4,-25.3,-24.8,1
452,12/29/2021,17:36:44,-25.6,-26,-24.9,-25.1,-24.5,-24.5,-25.3,-24.8,1
453,12/29/2021,17:36:46,-25.6,-26,-24.9,-25.1,-24.5,-24.5,-25.4,-24.8,1
454,12/29/2021,17:36:48,-25.6,-26,-24.9,-25,-24.5,-24.6,-25.5,-24.8,1
455,12/29/2021,17:36:50,-25.6,-26,-24.9,-25,-24.5,-24.6,-25.5,-24.8,1
456,12/29/2021,17:36:52,-25.6,-26,-24.9,-24.9,-24.5,-24.6,-25.6,-24.8,1
457,12/29/2021,17:36:54,-25.7,-26.1,-24.9,-24.9,-24.6,-24.7,-25.6,-24.8,1
458,12/29/2021,17:36:56,-25.7,-26.1,-24.8,-24.9,-24.6,-24.7,-25.7,-24.8,1
459,12/29/2021,17:36:58,-25.7,-26.1,-24.9,-24.8,-24.6,-24.8,-25.7,-24.8,1
460,12/29/2021,17:37:00,-25.7,-26.1,-24.9,-24.8,-24.6,-24.8,-25.7,-24.8,1
461,12/29/2021,17:37:02,-25.7,-26.1,-24.9,-24.7,-24.6,-24.8,-25.8,-24.8,1
462,12/29/2021,17:37:04,-25.8,-26.1,-24.9,-24.7,-24.6,-24.8,-25.8,-24.9,1
